article_id,published_on,category,kind,match_ids,source_url,retrieved_at_jst
21492,2026-10-02,メディア,放送・配信,,https://www.sanga-fc.jp/news/detail/21492,2026-10-03T03:08:59+09:00
21491,2026-10-02,トップチーム,,,https://www.sanga-fc.jp/news/detail/21491,2026-10-03T03:08:59+09:00
21474,2026-10-02,チケット,チケットの販売,sec13,https://www.sanga-fc.jp/news/detail/21474,2026-10-03T03:08:59+09:00
21473,2026-10-02,試合情報,場内の催し,sec13,https://www.sanga-fc.jp/news/detail/21473,2026-10-03T03:08:59+09:00
21470,2026-10-02,試合情報,,sec13,https://www.sanga-fc.jp/news/detail/21470,2026-10-03T03:08:59+09:00
21449,2026-10-02,試合情報,,,https://www.sanga-fc.jp/news/detail/21449,2026-10-03T03:08:59+09:00
21429,2026-10-02,試合情報,,sec11,https://www.sanga-fc.jp/news/detail/21429,2026-10-03T03:08:59+09:00
21424,2026-10-02,スクール,応募・抽選,,https://www.sanga-fc.jp/news/detail/21424,2026-10-03T03:08:59+09:00
21230,2026-10-02,試合情報,,,https://www.sanga-fc.jp/news/detail/21230,2026-10-03T03:08:59+09:00
21482,2026-10-01,ホームタウン活動,交通・駐車,,https://www.sanga-fc.jp/news/detail/21482,2026-10-03T03:08:59+09:00
21472,2026-10-01,スポンサー,,,https://www.sanga-fc.jp/news/detail/21472,2026-10-03T03:08:59+09:00
21469,2026-10-01,クラブ,応募・抽選,,https://www.sanga-fc.jp/news/detail/21469,2026-10-03T03:08:59+09:00
21430,2026-10-01,試合情報,,sec13,https://www.sanga-fc.jp/news/detail/21430,2026-10-03T03:08:59+09:00
21417,2026-10-01,試合情報,,sec11,https://www.sanga-fc.jp/news/detail/21417,2026-10-03T03:08:59+09:00
21477,2026-09-30,アカデミー,,,https://www.sanga-fc.jp/news/detail/21477,2026-10-03T03:08:59+09:00
21476,2026-09-30,アカデミー,,,https://www.sanga-fc.jp/news/detail/21476,2026-10-03T03:08:59+09:00
21463,2026-09-30,ホームタウン活動,放送・配信,,https://www.sanga-fc.jp/news/detail/21463,2026-10-03T03:08:59+09:00
21459,2026-09-30,グッズ,グッズの発売,,https://www.sanga-fc.jp/news/detail/21459,2026-10-03T03:08:59+09:00
21455,2026-09-30,アカデミー,,,https://www.sanga-fc.jp/news/detail/21455,2026-10-03T03:08:59+09:00
21452,2026-09-30,クラブ,,,https://www.sanga-fc.jp/news/detail/21452,2026-10-03T03:08:59+09:00
21431,2026-09-30,スポンサー,,,https://www.sanga-fc.jp/news/detail/21431,2026-10-03T03:08:59+09:00
21478,2026-09-29,アカデミー,,,https://www.sanga-fc.jp/news/detail/21478,2026-10-03T03:08:59+09:00
21460,2026-09-29,ファンクラブ,応募・抽選,sec09,https://www.sanga-fc.jp/news/detail/21460,2026-10-03T03:08:59+09:00
21451,2026-09-29,ファンクラブ,,sec09,https://www.sanga-fc.jp/news/detail/21451,2026-10-03T03:08:59+09:00
21439,2026-09-29,ファンクラブ,応募・抽選,sec09,https://www.sanga-fc.jp/news/detail/21439,2026-10-03T03:08:59+09:00
21467,2026-09-28,チケット,チケットの販売,,https://www.sanga-fc.jp/news/detail/21467,2026-10-03T03:08:59+09:00
21438,2026-09-28,ファンクラブ,応募・抽選,sec13,https://www.sanga-fc.jp/news/detail/21438,2026-10-03T03:08:59+09:00
21432,2026-09-28,スポンサー,場内の催し,,https://www.sanga-fc.jp/news/detail/21432,2026-10-03T03:08:59+09:00
21381,2026-09-28,ファンクラブ,応募・抽選,sec13,https://www.sanga-fc.jp/news/detail/21381,2026-10-03T03:08:59+09:00
21462,2026-09-26,グッズ,グッズの発売,,https://www.sanga-fc.jp/news/detail/21462,2026-10-03T03:08:59+09:00
21456,2026-09-26,試合情報,冠デー,sec09,https://www.sanga-fc.jp/news/detail/21456,2026-10-03T03:08:59+09:00
21457,2026-09-25,アカデミー,,,https://www.sanga-fc.jp/news/detail/21457,2026-10-03T03:08:59+09:00
21446,2026-09-25,チケット,チケットの販売,sec11,https://www.sanga-fc.jp/news/detail/21446,2026-10-03T03:08:59+09:00
21441,2026-09-25,ファンクラブ,応募・抽選,,https://www.sanga-fc.jp/news/detail/21441,2026-10-03T03:08:59+09:00
21436,2026-09-25,試合情報,チケットの販売,,https://www.sanga-fc.jp/news/detail/21436,2026-10-03T03:08:59+09:00
21458,2026-09-24,アカデミー,,,https://www.sanga-fc.jp/news/detail/21458,2026-10-03T03:08:59+09:00
21454,2026-09-24,アカデミー,,,https://www.sanga-fc.jp/news/detail/21454,2026-10-03T03:08:59+09:00
21453,2026-09-24,アカデミー,,,https://www.sanga-fc.jp/news/detail/21453,2026-10-03T03:08:59+09:00
21448,2026-09-24,トップチーム,,,https://www.sanga-fc.jp/news/detail/21448,2026-10-03T03:08:59+09:00
21442,2026-09-21,ファンクラブ,応募・抽選,sec11,https://www.sanga-fc.jp/news/detail/21442,2026-10-03T03:08:59+09:00
21437,2026-09-21,ファンクラブ,応募・抽選,sec11,https://www.sanga-fc.jp/news/detail/21437,2026-10-03T03:08:59+09:00
21445,2026-09-20,グッズ,,,https://www.sanga-fc.jp/news/detail/21445,2026-10-03T03:08:59+09:00
21444,2026-09-20,グッズ,グッズの発売,,https://www.sanga-fc.jp/news/detail/21444,2026-10-03T03:08:59+09:00
21443,2026-09-20,グッズ,グッズの発売,,https://www.sanga-fc.jp/news/detail/21443,2026-10-03T03:08:59+09:00
21428,2026-09-18,グッズ,グッズの発売,,https://www.sanga-fc.jp/news/detail/21428,2026-10-03T03:08:59+09:00
21425,2026-09-18,チケット,チケットの販売,sec09,https://www.sanga-fc.jp/news/detail/21425,2026-10-03T03:08:59+09:00
21412,2026-09-18,クラブ,,,https://www.sanga-fc.jp/news/detail/21412,2026-10-03T03:08:59+09:00
21410,2026-09-18,試合情報,場内の催し,sec09,https://www.sanga-fc.jp/news/detail/21410,2026-10-03T03:08:59+09:00
21406,2026-09-18,試合情報,チケットの販売,sec09,https://www.sanga-fc.jp/news/detail/21406,2026-10-03T03:08:59+09:00
21400,2026-09-18,ファンクラブ,,,https://www.sanga-fc.jp/news/detail/21400,2026-10-03T03:08:59+09:00
21413,2026-09-17,試合情報,場内の催し,sec09,https://www.sanga-fc.jp/news/detail/21413,2026-10-03T03:08:59+09:00
21405,2026-09-17,試合情報,応募・抽選,sec09,https://www.sanga-fc.jp/news/detail/21405,2026-10-03T03:08:59+09:00
21414,2026-09-16,チケット,応募・抽選,sec09 sec13,https://www.sanga-fc.jp/news/detail/21414,2026-10-03T03:08:59+09:00
